state,forecast_week,year,epi_week,date,predicted_cases,predicted_lower,predicted_upper,risk_level
Abia,1,2025,10,2025-03-03,3.79,0.0,15.57,Low
Abia,2,2025,11,2025-03-10,4.23,0.0,20.88,Low
Abia,3,2025,12,2025-03-17,4.55,0.0,24.93,Low
Abia,4,2025,13,2025-03-24,4.55,0.0,28.09,Low
Adamawa,1,2025,5,2025-01-27,15.98,0.0,97.11,Medium
Adamawa,2,2025,6,2025-02-03,3.26,0.0,118.01,Low
Adamawa,3,2025,7,2025-02-10,3.97,0.0,144.5,Low
Adamawa,4,2025,8,2025-02-17,5.29,0.0,167.56,Low
Akwa Ibom,1,2025,10,2025-03-03,3.94,0.0,14.81,Low
Akwa Ibom,2,2025,11,2025-03-10,4.52,0.0,19.9,Low
Akwa Ibom,3,2025,12,2025-03-17,4.71,0.0,23.54,Low
Akwa Ibom,4,2025,13,2025-03-24,4.71,0.0,26.46,Low
Anambra,1,2024,39,2024-09-23,10.52,7.89,13.15,Medium
Anambra,2,2024,40,2024-09-30,8.96,5.79,12.12,Low
Anambra,3,2024,41,2024-10-07,8.96,5.08,12.84,Low
Anambra,4,2024,42,2024-10-14,6.61,2.61,10.61,Low
Bauchi,1,2025,10,2025-03-03,4.76,0.0,24.84,Low
Bauchi,2,2025,11,2025-03-10,5.22,0.0,33.61,Low
Bauchi,3,2025,12,2025-03-17,3.73,0.0,38.5,Low
Bauchi,4,2025,13,2025-03-24,3.33,0.0,43.48,Low
Bayelsa,1,2025,10,2025-03-03,20.23,0.0,191.87,Medium
Bayelsa,2,2025,11,2025-03-10,7.6,0.0,250.34,Low
Bayelsa,3,2025,12,2025-03-17,7.95,0.0,305.24,Low
Bayelsa,4,2025,13,2025-03-24,5.8,0.0,349.08,Low
Benue,1,2025,10,2025-03-03,4.25,0.0,169.41,Low
Benue,2,2025,11,2025-03-10,6.15,0.0,239.72,Low
Benue,3,2025,12,2025-03-17,5.0,0.0,291.07,Low
Benue,4,2025,13,2025-03-24,4.65,0.0,334.97,Low
Borno,1,2025,10,2025-03-03,6.98,0.0,1527.39,Low
Borno,2,2025,11,2025-03-10,4.81,0.0,2155.0,Low
Borno,3,2025,12,2025-03-17,7.09,0.0,2640.53,Low
Borno,4,2025,13,2025-03-24,5.0,0.0,3045.83,Low
Cross River,1,2024,39,2024-09-23,8.66,0.0,205.77,Low
Cross River,2,2024,40,2024-09-30,7.55,0.0,286.32,Low
Cross River,3,2024,41,2024-10-07,8.3,0.0,349.72,Low
Cross River,4,2024,42,2024-10-14,6.44,0.0,400.67,Low
Delta,1,2025,10,2025-03-03,6.1,0.0,155.36,Low
Delta,2,2025,11,2025-03-10,2.96,0.0,214.04,Low
Delta,3,2025,12,2025-03-17,4.81,0.0,263.34,Low
Delta,4,2025,13,2025-03-24,2.95,0.0,301.47,Low
Ebonyi,1,2024,40,2024-09-30,6.23,0.0,35.34,Low
Ebonyi,2,2024,41,2024-10-07,6.16,0.0,47.33,Low
Ebonyi,3,2024,42,2024-10-14,4.05,0.0,54.47,Low
Ebonyi,4,2024,43,2024-10-21,4.98,0.0,63.2,Low
Edo,1,2024,35,2024-08-26,4.55,0.0,11.62,Low
Edo,2,2024,36,2024-09-02,6.47,0.0,16.47,Low
Edo,3,2024,37,2024-09-09,4.55,0.0,16.8,Low
Edo,4,2024,38,2024-09-16,6.66,0.0,20.8,Low
Ekiti,1,2025,10,2025-03-03,6.97,4.52,9.42,Low
Ekiti,2,2025,11,2025-03-10,5.7,2.23,9.16,Low
Ekiti,3,2025,12,2025-03-17,5.51,1.27,9.75,Low
Ekiti,4,2025,13,2025-03-24,5.51,0.61,10.41,Low
Enugu,1,2025,6,2025-02-03,5.02,0.0,21.49,Low
Enugu,2,2025,7,2025-02-10,3.64,0.0,26.92,Low
Enugu,3,2025,8,2025-02-17,5.02,0.0,33.54,Low
Enugu,4,2025,9,2025-02-24,3.8,0.0,36.72,Low
FCT,1,2024,39,2024-09-23,8.62,0.0,29.68,Low
FCT,2,2024,40,2024-09-30,7.31,0.0,37.1,Low
FCT,3,2024,41,2024-10-07,7.34,0.0,43.82,Low
FCT,4,2024,42,2024-10-14,3.5,0.0,45.63,Low
Gombe,1,2025,5,2025-01-27,2.93,0.0,102.56,Low
Gombe,2,2025,6,2025-02-03,4.68,0.0,145.58,Low
Gombe,3,2025,7,2025-02-10,6.32,0.0,178.88,Low
Gombe,4,2025,8,2025-02-17,2.31,0.0,201.57,Low
Imo,1,2025,10,2025-03-03,6.48,3.99,8.97,Low
Imo,2,2025,11,2025-03-10,6.48,2.96,10.01,Low
Imo,3,2025,12,2025-03-17,6.48,2.17,10.8,Low
Imo,4,2025,13,2025-03-24,6.48,1.5,11.46,Low
Jigawa,1,2024,40,2024-09-30,8.07,0.0,44.12,Low
Jigawa,2,2024,41,2024-10-07,4.1,0.0,55.08,Low
Jigawa,3,2024,42,2024-10-14,5.93,0.0,68.37,Low
Jigawa,4,2024,43,2024-10-21,3.6,0.0,75.7,Low
Kaduna,1,2024,39,2024-09-23,9.53,0.0,24.07,Medium
Kaduna,2,2024,40,2024-09-30,6.08,0.0,26.64,Low
Kaduna,3,2024,41,2024-10-07,9.11,0.0,34.29,Medium
Kaduna,4,2024,42,2024-10-14,6.76,0.0,35.83,Low
Kano,1,2024,40,2024-09-30,6.64,0.0,17.11,Low
Kano,2,2024,41,2024-10-07,6.64,0.0,21.45,Low
Kano,3,2024,42,2024-10-14,4.65,0.0,22.79,Low
Kano,4,2024,43,2024-10-21,6.13,0.0,27.07,Low
Katsina,1,2025,10,2025-03-03,6.48,0.0,26.02,Low
Katsina,2,2025,11,2025-03-10,5.36,0.0,32.99,Low
Katsina,3,2025,12,2025-03-17,5.39,0.0,39.24,Low
Katsina,4,2025,13,2025-03-24,5.18,0.0,44.27,Low
Kebbi,1,2025,10,2025-03-03,4.0,0.0,19.02,Low
Kebbi,2,2025,11,2025-03-10,3.21,0.0,24.46,Low
Kebbi,3,2025,12,2025-03-17,5.04,0.0,31.06,Low
Kebbi,4,2025,13,2025-03-24,3.26,0.0,33.31,Low
Kogi,1,2025,10,2025-03-03,3.77,0.0,8.39,Low
Kogi,2,2025,11,2025-03-10,5.42,0.0,11.95,Low
Kogi,3,2025,12,2025-03-17,3.64,0.0,11.64,Low
Kogi,4,2025,13,2025-03-24,5.58,0.0,14.82,Low
Kwara,1,2024,33,2024-08-12,5.38,0.0,16.24,Low
Kwara,2,2024,34,2024-08-19,3.91,0.0,19.27,Low
Kwara,3,2024,35,2024-08-26,7.6,0.0,26.41,Low
Kwara,4,2024,36,2024-09-02,6.04,0.0,27.76,Low
Lagos,1,2025,10,2025-03-03,23.24,0.0,66.26,Medium
Lagos,2,2025,11,2025-03-10,19.68,0.0,80.51,Medium
Lagos,3,2025,12,2025-03-17,19.68,0.0,94.19,Medium
Lagos,4,2025,13,2025-03-24,19.68,0.0,105.71,Medium
Nasarawa,1,2025,10,2025-03-03,4.09,0.0,18.21,Low
Nasarawa,2,2025,11,2025-03-10,5.39,0.0,25.35,Low
Nasarawa,3,2025,12,2025-03-17,4.09,0.0,28.54,Low
Nasarawa,4,2025,13,2025-03-24,5.39,0.0,33.62,Low
Niger,1,2025,5,2025-01-27,5.66,0.0,20.34,Low
Niger,2,2025,6,2025-02-03,4.58,0.0,25.34,Low
Niger,3,2025,7,2025-02-10,4.96,0.0,30.39,Low
Niger,4,2025,8,2025-02-17,2.75,0.0,32.11,Low
Ogun,1,2024,39,2024-09-23,13.49,0.0,27.81,Medium
Ogun,2,2024,40,2024-09-30,11.32,0.0,31.57,Medium
Ogun,3,2024,41,2024-10-07,11.32,0.0,36.13,Medium
Ogun,4,2024,42,2024-10-14,8.11,0.0,36.76,Low
Ondo,1,2025,5,2025-01-27,6.56,0.0,31.53,Low
Ondo,2,2025,6,2025-02-03,3.97,0.0,39.28,Low
Ondo,3,2025,7,2025-02-10,6.27,0.0,49.52,Low
Ondo,4,2025,8,2025-02-17,4.96,0.0,54.9,Low
Osun,1,2025,10,2025-03-03,5.95,2.89,9.01,Low
Osun,2,2025,11,2025-03-10,4.02,0.0,8.34,Low
Osun,3,2025,12,2025-03-17,5.95,0.65,11.25,Low
Osun,4,2025,13,2025-03-24,4.02,0.0,10.14,Low
Oyo,1,2025,10,2025-03-03,9.08,0.0,18.23,Medium
Oyo,2,2025,11,2025-03-10,4.73,0.0,17.67,Low
Oyo,3,2025,12,2025-03-17,9.32,0.0,25.16,Medium
Oyo,4,2025,13,2025-03-24,6.67,0.0,24.96,Low
Plateau,1,2023,27,2023-07-03,4.55,0.0,99.48,Low
Plateau,2,2023,28,2023-07-10,5.76,0.0,140.02,Low
Plateau,3,2023,29,2023-07-17,4.39,0.0,168.82,Low
Plateau,4,2023,30,2023-07-24,5.76,0.0,195.64,Low
Rivers,1,2025,10,2025-03-03,4.74,0.0,27.68,Low
Rivers,2,2025,11,2025-03-10,6.8,0.0,39.25,Low
Rivers,3,2025,12,2025-03-17,5.82,0.0,45.57,Low
Rivers,4,2025,13,2025-03-24,5.42,0.0,51.31,Low
Sokoto,1,2025,5,2025-01-27,3.12,0.0,33.63,Low
Sokoto,2,2025,6,2025-02-03,5.02,0.0,48.17,Low
Sokoto,3,2025,7,2025-02-10,3.35,0.0,56.19,Low
Sokoto,4,2025,8,2025-02-17,5.02,0.0,66.05,Low
Taraba,1,2025,10,2025-03-03,4.13,0.0,178.8,Low
Taraba,2,2025,11,2025-03-10,7.09,0.0,254.11,Low
Taraba,3,2025,12,2025-03-17,2.85,0.0,305.39,Low
Taraba,4,2025,13,2025-03-24,4.65,0.0,353.99,Low
Yobe,1,2025,5,2025-01-27,8.5,0.0,311.72,Low
Yobe,2,2025,6,2025-02-03,4.27,0.0,433.08,Low
Yobe,3,2025,7,2025-02-10,6.56,0.0,531.75,Low
Yobe,4,2025,8,2025-02-17,4.75,0.0,611.18,Low
Zamfara,1,2024,39,2024-09-23,6.13,0.0,80.98,Low
Zamfara,2,2024,40,2024-09-30,5.33,0.0,111.18,Low
Zamfara,3,2024,41,2024-10-07,5.15,0.0,134.8,Low
Zamfara,4,2024,42,2024-10-14,4.03,0.0,153.73,Low
