state,year,epi_week,actual_cases,predicted_cases
Abia,2024,13,16,11.781645
Adamawa,2024,13,19,16.54534
Akwa Ibom,2024,13,22,22.238003
Anambra,2024,13,16,11.7577915
Bauchi,2024,13,25,16.517715
Bayelsa,2024,13,18,15.90376
Benue,2024,13,13,15.684858
Borno,2024,13,20,15.889588
Cross River,2024,13,19,18.74734
Delta,2024,13,15,17.253681
Ebonyi,2024,13,5,12.566281
Edo,2024,13,16,17.358694
Ekiti,2024,13,14,18.877937
Enugu,2024,13,17,12.111495
FCT,2024,13,13,15.45698
Gombe,2024,13,21,13.293008
Imo,2024,13,8,11.571278
Jigawa,2024,13,19,15.464615
Kaduna,2024,13,18,13.653424
Kano,2024,13,17,13.6460085
Katsina,2024,13,15,14.748867
Kebbi,2024,13,14,11.996543
Kogi,2024,13,17,14.247842
Kwara,2024,13,14,13.915422
Lagos,2024,13,8,14.92836
Nasarawa,2024,13,12,12.79628
Niger,2024,13,18,14.223283
Ogun,2024,13,21,16.227093
Ondo,2024,13,24,16.761688
Osun,2024,13,23,17.309889
Oyo,2024,13,11,15.538
Plateau,2024,13,15,13.488616
Rivers,2024,13,13,18.540407
Sokoto,2024,13,17,15.0705385
Taraba,2024,13,11,15.282671
Yobe,2024,13,18,16.181372
Zamfara,2024,13,21,16.092505
Abia,2024,14,15,16.608284
Adamawa,2024,14,12,17.584024
Akwa Ibom,2024,14,25,25.94352
Anambra,2024,14,13,14.717289
Bauchi,2024,14,27,18.559383
Bayelsa,2024,14,29,22.677134
Benue,2024,14,31,18.303902
Borno,2024,14,21,20.20935
Cross River,2024,14,26,24.199291
Delta,2024,14,30,22.488811
Ebonyi,2024,14,15,17.702368
Edo,2024,14,18,23.986374
Ekiti,2024,14,21,20.988571
Enugu,2024,14,9,16.775831
FCT,2024,14,17,16.738714
Gombe,2024,14,23,17.448828
Imo,2024,14,12,14.954622
Jigawa,2024,14,30,19.499907
Kaduna,2024,14,23,18.683378
Kano,2024,14,22,16.669794
Katsina,2024,14,17,17.330824
Kebbi,2024,14,25,15.867021
Kogi,2024,14,18,18.586294
Kwara,2024,14,17,15.92853
Lagos,2024,14,11,18.219227
Nasarawa,2024,14,16,16.82419
Niger,2024,14,24,18.806574
Ogun,2024,14,27,23.977402
Ondo,2024,14,18,19.17108
Osun,2024,14,12,19.041357
Oyo,2024,14,29,20.92479
Plateau,2024,14,18,17.734884
Rivers,2024,14,23,23.620699
Sokoto,2024,14,21,17.065262
Taraba,2024,14,26,18.44372
Yobe,2024,14,24,22.951597
Zamfara,2024,14,22,16.573618
Abia,2024,15,14,19.2986
Adamawa,2024,15,31,18.158262
Akwa Ibom,2024,15,33,26.118414
Anambra,2024,15,16,16.904217
Bauchi,2024,15,32,25.603884
Bayelsa,2024,15,20,23.96261
Benue,2024,15,28,22.277105
Borno,2024,15,22,19.489656
Cross River,2024,15,35,26.299723
Delta,2024,15,26,25.396248
Ebonyi,2024,15,9,15.403972
Edo,2024,15,35,22.947992
Ekiti,2024,15,22,24.429476
Enugu,2024,15,17,16.086359
FCT,2024,15,29,19.42757
Gombe,2024,15,27,19.281925
Imo,2024,15,15,17.597673
Jigawa,2024,15,31,23.927658
Kaduna,2024,15,24,20.25551
Kano,2024,15,28,23.254206
Katsina,2024,15,16,21.235674
Kebbi,2024,15,24,20.215496
Kogi,2024,15,23,21.015085
Kwara,2024,15,25,18.914326
Lagos,2024,15,15,18.760557
Nasarawa,2024,15,16,19.770163
Niger,2024,15,18,21.01393
Ogun,2024,15,24,24.923626
Ondo,2024,15,14,22.658022
Osun,2024,15,20,21.083488
Oyo,2024,15,22,25.2875
Plateau,2024,15,24,20.468287
Rivers,2024,15,24,25.158485
Sokoto,2024,15,19,23.316414
Taraba,2024,15,22,23.02076
Yobe,2024,15,20,23.592854
Zamfara,2024,15,25,23.192677
Abia,2024,16,11,18.253868
Adamawa,2024,16,27,25.429825
Akwa Ibom,2024,16,29,29.375858
Anambra,2024,16,15,19.275045
Bauchi,2024,16,29,26.42154
Bayelsa,2024,16,24,26.040148
Benue,2024,16,29,26.343517
Borno,2024,16,26,22.694504
Cross River,2024,16,29,28.684061
Delta,2024,16,30,27.377785
Ebonyi,2024,16,25,18.409645
Edo,2024,16,26,27.74143
Ekiti,2024,16,28,24.755295
Enugu,2024,16,13,20.75747
FCT,2024,16,27,23.929619
Gombe,2024,16,31,25.446985
Imo,2024,16,16,15.890668
Jigawa,2024,16,33,26.221266
Kaduna,2024,16,43,25.66685
Kano,2024,16,31,25.245691
Katsina,2024,16,34,22.77825
Kebbi,2024,16,18,20.199955
Kogi,2024,16,24,23.384123
Kwara,2024,16,22,22.654612
Lagos,2024,16,11,19.376959
Nasarawa,2024,16,21,20.594332
Niger,2024,16,17,23.859688
Ogun,2024,16,29,26.645561
Ondo,2024,16,16,22.256752
Osun,2024,16,24,24.298954
Oyo,2024,16,33,24.79638
Plateau,2024,16,26,24.005198
Rivers,2024,16,20,26.540403
Sokoto,2024,16,25,23.85509
Taraba,2024,16,24,24.031687
Yobe,2024,16,30,24.52595
Zamfara,2024,16,20,25.241018
Abia,2024,17,20,19.234234
Adamawa,2024,17,42,26.830286
Akwa Ibom,2024,17,31,30.23216
Anambra,2024,17,21,20.546038
Bauchi,2024,17,36,30.211412
Bayelsa,2024,17,32,26.666574
Benue,2024,17,24,28.626694
Borno,2024,17,35,26.30403
Cross River,2024,17,39,31.087055
Delta,2024,17,31,28.86993
Ebonyi,2024,17,22,22.680151
Edo,2024,17,31,27.490086
Ekiti,2024,17,27,25.956331
Enugu,2024,17,21,19.541756
FCT,2024,17,20,24.442982
Gombe,2024,17,29,27.732561
Imo,2024,17,23,19.581938
Jigawa,2024,17,25,29.453703
Kaduna,2024,17,27,29.042912
Kano,2024,17,31,26.802998
Katsina,2024,17,23,25.814777
Kebbi,2024,17,43,24.335217
Kogi,2024,17,24,25.760542
Kwara,2024,17,28,22.995455
Lagos,2024,17,19,18.399292
Nasarawa,2024,17,32,22.835379
Niger,2024,17,33,23.009445
Ogun,2024,17,27,28.446218
Ondo,2024,17,36,23.494886
Osun,2024,17,33,25.56969
Oyo,2024,17,24,27.865644
Plateau,2024,17,22,24.649752
Rivers,2024,17,25,25.657667
Sokoto,2024,17,32,25.599058
Taraba,2024,17,32,26.05687
Yobe,2024,17,21,25.258114
Zamfara,2024,17,36,25.867596
Abia,2024,18,14,21.742186
Adamawa,2024,18,40,29.714216
Akwa Ibom,2024,18,37,31.95068
Anambra,2024,18,18,22.276287
Bauchi,2024,18,38,30.88838
Bayelsa,2024,18,32,27.484161
Benue,2024,18,26,28.710068
Borno,2024,18,42,30.309095
Cross River,2024,18,39,33.05102
Delta,2024,18,33,31.028856
Ebonyi,2024,18,24,23.959593
Edo,2024,18,21,29.652805
Ekiti,2024,18,22,28.144352
Enugu,2024,18,26,21.915432
FCT,2024,18,23,26.31876
Gombe,2024,18,38,29.830479
Imo,2024,18,17,21.728966
Jigawa,2024,18,34,30.630257
Kaduna,2024,18,30,30.96672
Kano,2024,18,34,30.288048
Katsina,2024,18,23,26.674501
Kebbi,2024,18,40,30.604067
Kogi,2024,18,26,26.014557
Kwara,2024,18,21,25.69116
Lagos,2024,18,11,21.171951
Nasarawa,2024,18,33,26.19508
Niger,2024,18,26,26.910114
Ogun,2024,18,30,30.0343
Ondo,2024,18,25,27.420708
Osun,2024,18,30,27.567173
Oyo,2024,18,30,29.48591
Plateau,2024,18,25,25.784218
Rivers,2024,18,36,28.017342
Sokoto,2024,18,25,27.606726
Taraba,2024,18,32,28.639364
Yobe,2024,18,38,26.451452
Zamfara,2024,18,31,27.656748
Abia,2024,19,19,21.15887
Adamawa,2024,19,38,35.024406
Akwa Ibom,2024,19,30,34.975353
Anambra,2024,19,23,23.522383
Bauchi,2024,19,40,33.786983
Bayelsa,2024,19,30,29.341917
Benue,2024,19,29,28.75719
Borno,2024,19,37,30.211601
Cross River,2024,19,38,36.469532
Delta,2024,19,40,32.262947
Ebonyi,2024,19,23,25.235582
Edo,2024,19,28,30.159603
Ekiti,2024,19,24,27.729841
Enugu,2024,19,23,23.936031
FCT,2024,19,31,27.153494
Gombe,2024,19,29,31.601099
Imo,2024,19,29,23.484041
Jigawa,2024,19,37,32.470673
Kaduna,2024,19,33,31.542824
Kano,2024,19,37,30.722027
Katsina,2024,19,24,27.04534
Kebbi,2024,19,34,31.927752
Kogi,2024,19,27,28.189474
Kwara,2024,19,34,26.64973
Lagos,2024,19,16,19.126669
Nasarawa,2024,19,21,28.881552
Niger,2024,19,38,27.948618
Ogun,2024,19,32,30.794641
Ondo,2024,19,23,27.86156
Osun,2024,19,29,29.169914
Oyo,2024,19,24,29.898397
Plateau,2024,19,32,26.643528
Rivers,2024,19,43,29.937895
Sokoto,2024,19,32,30.032997
Taraba,2024,19,27,29.012993
Yobe,2024,19,25,28.698236
Zamfara,2024,19,38,29.870602
Abia,2024,20,18,21.763046
Adamawa,2024,20,33,35.756405
Akwa Ibom,2024,20,38,34.70649
Anambra,2024,20,28,24.429836
Bauchi,2024,20,26,36.092648
Bayelsa,2024,20,36,31.586292
Benue,2024,20,32,29.457987
Borno,2024,20,27,36.364185
Cross River,2024,20,39,38.104424
Delta,2024,20,38,35.012516
Ebonyi,2024,20,28,26.3455
Edo,2024,20,14,29.7043
Ekiti,2024,20,22,29.116692
Enugu,2024,20,34,26.40001
FCT,2024,20,32,29.211111
Gombe,2024,20,36,32.69624
Imo,2024,20,20,25.86677
Jigawa,2024,20,42,33.73684
Kaduna,2024,20,35,32.751297
Kano,2024,20,44,34.342243
Katsina,2024,20,25,28.897472
Kebbi,2024,20,26,34.52044
Kogi,2024,20,29,28.761892
Kwara,2024,20,29,29.1791
Lagos,2024,20,18,19.856556
Nasarawa,2024,20,34,28.84703
Niger,2024,20,25,30.875856
Ogun,2024,20,39,32.255566
Ondo,2024,20,23,28.655193
Osun,2024,20,28,31.527412
Oyo,2024,20,29,29.296717
Plateau,2024,20,31,29.210001
Rivers,2024,20,39,33.886448
Sokoto,2024,20,32,30.638521
Taraba,2024,20,36,31.760801
Yobe,2024,20,29,30.216175
Zamfara,2024,20,40,32.01461
Abia,2024,21,32,23.11328
Adamawa,2024,21,33,38.86844
Akwa Ibom,2024,21,30,35.708103
Anambra,2024,21,26,27.79243
Bauchi,2024,21,38,36.988003
Bayelsa,2024,21,30,34.53851
Benue,2024,21,49,31.09246
Borno,2024,21,41,36.00268
Cross River,2024,21,55,39.967632
Delta,2024,21,37,36.80273
Ebonyi,2024,21,25,27.789906
Edo,2024,21,34,25.53172
Ekiti,2024,21,32,27.129416
Enugu,2024,21,25,28.602583
FCT,2024,21,35,30.044031
Gombe,2024,21,41,35.20293
Imo,2024,21,20,26.281336
Jigawa,2024,21,35,34.657463
Kaduna,2024,21,28,32.063786
Kano,2024,21,40,36.300194
Katsina,2024,21,33,27.490099
Kebbi,2024,21,31,36.373608
Kogi,2024,21,36,29.551199
Kwara,2024,21,20,29.11653
Lagos,2024,21,23,21.546549
Nasarawa,2024,21,44,32.19138
Niger,2024,21,37,31.779804
Ogun,2024,21,35,34.513664
Ondo,2024,21,36,29.885418
Osun,2024,21,28,32.731632
Oyo,2024,21,35,30.05995
Plateau,2024,21,27,30.540585
Rivers,2024,21,38,38.716484
Sokoto,2024,21,49,31.29683
Taraba,2024,21,23,33.707035
Yobe,2024,21,44,31.159643
Zamfara,2024,21,31,36.70262
Abia,2024,22,28,27.395876
Adamawa,2024,22,38,37.09788
Akwa Ibom,2024,22,45,35.43397
Anambra,2024,22,29,27.240526
Bauchi,2024,22,42,35.880764
Bayelsa,2024,22,31,35.44862
Benue,2024,22,39,36.11254
Borno,2024,22,28,35.108837
Cross River,2024,22,43,45.25358
Delta,2024,22,43,37.528744
Ebonyi,2024,22,34,28.632656
Edo,2024,22,37,29.081772
Ekiti,2024,22,21,29.7546
Enugu,2024,22,16,29.500095
FCT,2024,22,37,32.912926
Gombe,2024,22,42,38.217144
Imo,2024,22,20,25.624985
Jigawa,2024,22,50,38.19567
Kaduna,2024,22,42,35.468807
Kano,2024,22,33,40.17598
Katsina,2024,22,39,29.497824
Kebbi,2024,22,32,36.629444
Kogi,2024,22,30,31.36753
Kwara,2024,22,37,28.44541
Lagos,2024,22,21,23.866781
Nasarawa,2024,22,32,34.770653
Niger,2024,22,30,34.26479
Ogun,2024,22,36,35.490807
Ondo,2024,22,30,30.015041
Osun,2024,22,28,31.206078
Oyo,2024,22,31,33.62024
Plateau,2024,22,27,31.332651
Rivers,2024,22,25,39.449226
Sokoto,2024,22,39,35.62793
Taraba,2024,22,47,32.428204
Yobe,2024,22,35,34.776146
Zamfara,2024,22,40,36.66475
Abia,2024,23,32,27.955795
Adamawa,2024,23,31,35.883617
Akwa Ibom,2024,23,33,39.97115
Anambra,2024,23,22,29.157688
Bauchi,2024,23,42,38.158382
Bayelsa,2024,23,42,34.616386
Benue,2024,23,32,39.916145
Borno,2024,23,34,36.087524
Cross River,2024,23,46,45.174805
Delta,2024,23,39,41.01892
Ebonyi,2024,23,29,30.303473
Edo,2024,23,35,33.12801
Ekiti,2024,23,36,27.538944
Enugu,2024,23,20,26.106363
FCT,2024,23,33,35.185757
Gombe,2024,23,44,38.42666
Imo,2024,23,17,25.654562
Jigawa,2024,23,37,44.298756
Kaduna,2024,23,55,34.803036
Kano,2024,23,42,40.24901
Katsina,2024,23,34,32.918648
Kebbi,2024,23,30,34.87871
Kogi,2024,23,26,33.791996
Kwara,2024,23,31,32.946194
Lagos,2024,23,27,24.37134
Nasarawa,2024,23,25,38.193375
Niger,2024,23,26,33.76936
Ogun,2024,23,46,35.712837
Ondo,2024,23,42,29.673523
Osun,2024,23,23,32.355896
Oyo,2024,23,38,34.055668
Plateau,2024,23,26,32.729275
Rivers,2024,23,52,37.730923
Sokoto,2024,23,39,40.44033
Taraba,2024,23,32,36.184563
Yobe,2024,23,43,36.461296
Zamfara,2024,23,40,37.618256
Abia,2024,24,25,29.888197
Adamawa,2024,24,49,40.967773
Akwa Ibom,2024,24,37,40.335213
Anambra,2024,24,27,28.364794
Bauchi,2024,24,61,43.896397
Bayelsa,2024,24,47,39.710773
Benue,2024,24,36,43.435646
Borno,2024,24,37,39.586227
Cross River,2024,24,44,47.03879
Delta,2024,24,43,41.047615
Ebonyi,2024,24,24,33.88684
Edo,2024,24,33,35.8106
Ekiti,2024,24,30,31.866684
Enugu,2024,24,24,25.72745
FCT,2024,24,37,38.50275
Gombe,2024,24,42,44.752098
Imo,2024,24,29,23.616446
Jigawa,2024,24,47,46.544502
Kaduna,2024,24,64,46.939037
Kano,2024,24,53,43.665066
Katsina,2024,24,56,37.088394
Kebbi,2024,24,48,36.645687
Kogi,2024,24,28,35.311756
Kwara,2024,24,26,34.3613
Lagos,2024,24,17,27.251045
Nasarawa,2024,24,34,37.706856
Niger,2024,24,41,33.758785
Ogun,2024,24,27,47.315845
Ondo,2024,24,28,36.038086
Osun,2024,24,42,31.068153
Oyo,2024,24,23,38.567947
Plateau,2024,24,35,31.754528
Rivers,2024,24,36,44.08615
Sokoto,2024,24,61,47.432846
Taraba,2024,24,50,40.822014
Yobe,2024,24,55,43.088486
Zamfara,2024,24,45,42.936657
Abia,2024,25,25,31.876562
Adamawa,2024,25,50,43.648075
Akwa Ibom,2024,25,43,39.599648
Anambra,2024,25,28,28.946058
Bauchi,2024,25,61,55.058308
Bayelsa,2024,25,34,42.385757
Benue,2024,25,46,43.112694
Borno,2024,25,47,40.609047
Cross River,2024,25,43,51.109673
Delta,2024,25,38,46.829945
Ebonyi,2024,25,23,30.706533
Edo,2024,25,25,37.52091
Ekiti,2024,25,26,34.0327
Enugu,2024,25,28,26.014355
FCT,2024,25,21,38.52565
Gombe,2024,25,44,44.837086
Imo,2024,25,21,25.76291
Jigawa,2024,25,51,44.289257
Kaduna,2024,25,61,49.6639
Kano,2024,25,54,46.384865
Katsina,2024,25,40,50.031597
Kebbi,2024,25,45,42.122456
Kogi,2024,25,21,36.076355
Kwara,2024,25,32,33.78995
Lagos,2024,25,21,24.646048
Nasarawa,2024,25,35,38.007828
Niger,2024,25,34,38.506847
Ogun,2024,25,38,43.668964
Ondo,2024,25,25,37.69325
Osun,2024,25,27,35.369495
Oyo,2024,25,37,35.023403
Plateau,2024,25,25,33.766144
Rivers,2024,25,45,43.941853
Sokoto,2024,25,52,50.53616
Taraba,2024,25,62,44.581192
Yobe,2024,25,59,48.416767
Zamfara,2024,25,51,49.221207
Abia,2024,26,28,27.925976
Adamawa,2024,26,50,45.554047
Akwa Ibom,2024,26,37,40.2241
Anambra,2024,26,21,27.68616
Bauchi,2024,26,47,55.02191
Bayelsa,2024,26,42,41.411808
Benue,2024,26,37,45.004894
Borno,2024,26,45,45.261177
Cross River,2024,26,48,47.980835
Delta,2024,26,52,40.206444
Ebonyi,2024,26,20,29.069279
Edo,2024,26,36,34.29868
Ekiti,2024,26,16,31.158031
Enugu,2024,26,32,25.749802
FCT,2024,26,23,34.724384
Gombe,2024,26,35,46.894394
Imo,2024,26,18,23.6748
Jigawa,2024,26,53,49.984642
Kaduna,2024,26,55,58.93667
Kano,2024,26,58,48.251217
Katsina,2024,26,55,46.72456
Kebbi,2024,26,53,47.20033
Kogi,2024,26,30,28.796358
Kwara,2024,26,35,33.710346
Lagos,2024,26,26,23.10885
Nasarawa,2024,26,26,36.57615
Niger,2024,26,31,37.24922
Ogun,2024,26,26,40.448532
Ondo,2024,26,33,33.912495
Osun,2024,26,30,34.93835
Oyo,2024,26,30,34.99888
Plateau,2024,26,36,31.768053
Rivers,2024,26,29,45.3684
Sokoto,2024,26,51,51.014153
Taraba,2024,26,54,48.47982
Yobe,2024,26,58,48.17397
Zamfara,2024,26,55,48.024216
Abia,2024,27,19,27.469423
Adamawa,2024,27,57,48.404537
Akwa Ibom,2024,27,45,40.978863
Anambra,2024,27,28,24.046852
Bauchi,2024,27,57,56.99299
Bayelsa,2024,27,40,42.232513
Benue,2024,27,33,40.988594
Borno,2024,27,58,43.915497
Cross River,2024,27,53,49.306946
Delta,2024,27,38,46.239567
Ebonyi,2024,27,23,23.793297
Edo,2024,27,39,30.931728
Ekiti,2024,27,33,26.899828
Enugu,2024,27,25,26.380953
FCT,2024,27,38,28.157885
Gombe,2024,27,46,41.7935
Imo,2024,27,25,22.651367
Jigawa,2024,27,61,48.46817
Kaduna,2024,27,58,60.4995
Kano,2024,27,38,51.86891
Katsina,2024,27,55,52.749928
Kebbi,2024,27,42,47.117077
Kogi,2024,27,31,26.359709
Kwara,2024,27,25,29.21976
Lagos,2024,27,20,23.541157
Nasarawa,2024,27,33,29.907953
Niger,2024,27,34,32.42473
Ogun,2024,27,33,31.907295
Ondo,2024,27,36,31.193342
Osun,2024,27,23,29.994837
Oyo,2024,27,35,30.705341
Plateau,2024,27,32,29.618626
Rivers,2024,27,41,41.27996
Sokoto,2024,27,60,53.238922
Taraba,2024,27,56,50.60609
Yobe,2024,27,52,59.006157
Zamfara,2024,27,65,45.870625
Abia,2024,28,35,24.100857
Adamawa,2024,28,56,53.054985
Akwa Ibom,2024,28,34,38.4121
Anambra,2024,28,26,25.966743
Bauchi,2024,28,66,65.267746
Bayelsa,2024,28,37,40.561073
Benue,2024,28,30,39.725063
Borno,2024,28,57,52.987
Cross River,2024,28,37,53.555218
Delta,2024,28,35,43.67901
Ebonyi,2024,28,26,22.606222
Edo,2024,28,34,31.561838
Ekiti,2024,28,32,26.276918
Enugu,2024,28,24,27.165619
FCT,2024,28,28,30.681246
Gombe,2024,28,57,43.10647
Imo,2024,28,27,22.791372
Jigawa,2024,28,70,57.118378
Kaduna,2024,28,42,63.115788
Kano,2024,28,68,50.45502
Katsina,2024,28,41,50.627125
Kebbi,2024,28,53,43.906025
Kogi,2024,28,35,27.06855
Kwara,2024,28,29,29.146137
Lagos,2024,28,38,22.719975
Nasarawa,2024,28,42,32.088127
Niger,2024,28,46,37.076454
Ogun,2024,28,29,32.007404
Ondo,2024,28,31,29.820127
Osun,2024,28,29,30.315123
Oyo,2024,28,39,31.002483
Plateau,2024,28,29,29.366768
Rivers,2024,28,68,39.269188
Sokoto,2024,28,64,65.477516
Taraba,2024,28,45,57.766853
Yobe,2024,28,43,60.713135
Zamfara,2024,28,62,59.016758
Abia,2024,29,35,25.803629
Adamawa,2024,29,55,59.7816
Akwa Ibom,2024,29,45,43.23124
Anambra,2024,29,32,26.978981
Bauchi,2024,29,56,65.825584
Bayelsa,2024,29,35,40.186462
Benue,2024,29,39,38.153122
Borno,2024,29,57,51.586185
Cross River,2024,29,29,48.004154
Delta,2024,29,37,43.093582
Ebonyi,2024,29,31,24.119665
Edo,2024,29,23,34.148914
Ekiti,2024,29,29,26.937748
Enugu,2024,29,23,25.935812
FCT,2024,29,22,28.273115
Gombe,2024,29,38,46.354084
Imo,2024,29,34,23.593662
Jigawa,2024,29,62,62.10625
Kaduna,2024,29,73,57.887726
Kano,2024,29,68,63.088085
Katsina,2024,29,45,47.064404
Kebbi,2024,29,49,45.570698
Kogi,2024,29,26,29.258806
Kwara,2024,29,37,30.27828
Lagos,2024,29,41,26.447401
Nasarawa,2024,29,33,32.770794
Niger,2024,29,39,38.739872
Ogun,2024,29,27,32.64716
Ondo,2024,29,31,31.801529
Osun,2024,29,33,27.640268
Oyo,2024,29,32,35.316555
Plateau,2024,29,35,29.725288
Rivers,2024,29,65,49.55594
Sokoto,2024,29,48,57.231464
Taraba,2024,29,61,56.480995
Yobe,2024,29,49,53.820328
Zamfara,2024,29,50,59.97451
Abia,2024,30,23,28.73555
Adamawa,2024,30,38,53.53213
Akwa Ibom,2024,30,46,40.629032
Anambra,2024,30,25,26.456715
Bauchi,2024,30,70,53.615498
Bayelsa,2024,30,25,41.974663
Benue,2024,30,31,34.616764
Borno,2024,30,85,59.313046
Cross River,2024,30,42,39.023773
Delta,2024,30,38,40.142902
Ebonyi,2024,30,15,26.269978
Edo,2024,30,37,31.925962
Ekiti,2024,30,30,27.561514
Enugu,2024,30,23,24.853027
FCT,2024,30,37,26.873951
Gombe,2024,30,55,46.942005
Imo,2024,30,15,26.10991
Jigawa,2024,30,45,64.055016
Kaduna,2024,30,55,59.174007
Kano,2024,30,57,63.081318
Katsina,2024,30,42,42.664394
Kebbi,2024,30,44,49.90521
Kogi,2024,30,27,28.701036
Kwara,2024,30,26,28.933764
Lagos,2024,30,30,29.508368
Nasarawa,2024,30,28,31.1072
Niger,2024,30,38,36.026913
Ogun,2024,30,29,29.506842
Ondo,2024,30,48,32.307667
Osun,2024,30,32,28.6974
Oyo,2024,30,24,32.63368
Plateau,2024,30,20,30.171007
Rivers,2024,30,53,52.736473
Sokoto,2024,30,48,55.632076
Taraba,2024,30,34,55.97355
Yobe,2024,30,39,52.76085
Zamfara,2024,30,57,62.82779
Abia,2024,31,28,25.359383
Adamawa,2024,31,38,47.01563
Akwa Ibom,2024,31,37,43.487522
Anambra,2024,31,20,26.60042
Bauchi,2024,31,59,67.69733
Bayelsa,2024,31,40,35.001965
Benue,2024,31,32,30.889324
Borno,2024,31,70,59.320408
Cross River,2024,31,42,41.769157
Delta,2024,31,27,36.951637
Ebonyi,2024,31,22,21.847883
Edo,2024,31,37,31.203995
Ekiti,2024,31,31,29.196592
Enugu,2024,31,23,22.014547
FCT,2024,31,24,26.324667
Gombe,2024,31,43,44.1583
Imo,2024,31,18,23.07333
Jigawa,2024,31,54,58.80116
Kaduna,2024,31,47,58.02803
Kano,2024,31,64,50.882133
Katsina,2024,31,53,50.092926
Kebbi,2024,31,47,40.09137
Kogi,2024,31,27,27.026838
Kwara,2024,31,28,27.350897
Lagos,2024,31,22,29.926159
Nasarawa,2024,31,31,30.107656
Niger,2024,31,27,35.694397
Ogun,2024,31,31,28.246025
Ondo,2024,31,29,36.591774
Osun,2024,31,23,28.680155
Oyo,2024,31,28,30.586288
Plateau,2024,31,30,27.246933
Rivers,2024,31,40,53.602345
Sokoto,2024,31,49,51.717484
Taraba,2024,31,44,41.98706
Yobe,2024,31,48,45.338932
Zamfara,2024,31,38,61.6003
Abia,2024,32,17,24.92041
Adamawa,2024,32,36,38.70251
Akwa Ibom,2024,32,36,43.239426
Anambra,2024,32,25,23.48146
Bauchi,2024,32,54,58.337463
Bayelsa,2024,32,39,30.456432
Benue,2024,32,26,28.521347
Borno,2024,32,77,66.26206
Cross River,2024,32,42,40.100193
Delta,2024,32,31,30.913225
Ebonyi,2024,32,16,20.056622
Edo,2024,32,25,29.929546
Ekiti,2024,32,32,27.779146
Enugu,2024,32,19,20.955587
FCT,2024,32,36,23.673498
Gombe,2024,32,48,43.44531
Imo,2024,32,27,20.170792
Jigawa,2024,32,59,53.749718
Kaduna,2024,32,46,48.018963
Kano,2024,32,78,63.557766
Katsina,2024,32,41,43.852882
Kebbi,2024,32,56,37.415306
Kogi,2024,32,23,25.836409
Kwara,2024,32,26,25.493706
Lagos,2024,32,34,25.870417
Nasarawa,2024,32,29,27.24911
Niger,2024,32,25,34.91116
Ogun,2024,32,26,26.637999
Ondo,2024,32,27,34.88203
Osun,2024,32,27,26.804218
Oyo,2024,32,24,28.078665
Plateau,2024,32,26,24.955265
Rivers,2024,32,46,49.610775
Sokoto,2024,32,48,43.92276
Taraba,2024,32,51,36.80172
Yobe,2024,32,45,38.71945
Zamfara,2024,32,27,42.872066
Abia,2024,33,28,22.359749
Adamawa,2024,33,67,36.913647
Akwa Ibom,2024,33,27,37.376434
Anambra,2024,33,18,22.115995
Bauchi,2024,33,59,55.40304
Bayelsa,2024,33,35,32.518867
Benue,2024,33,28,27.216318
Borno,2024,33,67,51.6772
Cross River,2024,33,34,38.341106
Delta,2024,33,31,30.227121
Ebonyi,2024,33,24,19.66074
Edo,2024,33,27,26.454
Ekiti,2024,33,21,26.111233
Enugu,2024,33,30,20.915829
FCT,2024,33,22,24.638227
Gombe,2024,33,45,37.56237
Imo,2024,33,23,21.14434
Jigawa,2024,33,40,53.917503
Kaduna,2024,33,44,50.142063
Kano,2024,33,64,51.33996
Katsina,2024,33,45,38.00878
Kebbi,2024,33,38,39.46765
Kogi,2024,33,25,22.302706
Kwara,2024,33,34,25.255217
Lagos,2024,33,23,26.94181
Nasarawa,2024,33,24,26.437565
Niger,2024,33,29,26.495731
Ogun,2024,33,29,26.122812
Ondo,2024,33,26,29.415522
Osun,2024,33,30,25.863981
Oyo,2024,33,29,24.200453
Plateau,2024,33,26,23.707794
Rivers,2024,33,48,44.215595
Sokoto,2024,33,44,42.453297
Taraba,2024,33,54,39.85324
Yobe,2024,33,32,39.256893
Zamfara,2024,33,46,37.92529
Abia,2024,34,21,20.8131
Adamawa,2024,34,40,41.98273
Akwa Ibom,2024,34,27,32.862015
Anambra,2024,34,18,19.928673
Bauchi,2024,34,75,56.842426
Bayelsa,2024,34,30,33.245987
Benue,2024,34,22,25.983603
Borno,2024,34,54,61.629116
Cross River,2024,34,34,36.11721
Delta,2024,34,37,28.844736
Ebonyi,2024,34,17,19.262123
Edo,2024,34,34,26.392735
Ekiti,2024,34,37,24.436129
Enugu,2024,34,23,20.782936
FCT,2024,34,21,24.5355
Gombe,2024,34,34,38.68607
Imo,2024,34,18,19.262917
Jigawa,2024,34,47,38.6363
Kaduna,2024,34,42,37.455578
Kano,2024,34,71,59.56828
Katsina,2024,34,28,35.86445
Kebbi,2024,34,47,38.366116
Kogi,2024,34,25,22.572659
Kwara,2024,34,24,25.044476
Lagos,2024,34,25,23.519688
Nasarawa,2024,34,18,23.927536
Niger,2024,34,30,25.998852
Ogun,2024,34,29,24.860445
Ondo,2024,34,25,27.073116
Osun,2024,34,25,22.669579
Oyo,2024,34,23,23.319872
Plateau,2024,34,17,23.394339
Rivers,2024,34,48,38.607044
Sokoto,2024,34,40,36.743263
Taraba,2024,34,45,37.94254
Yobe,2024,34,41,37.106453
Zamfara,2024,34,48,36.997894
Abia,2024,35,17,17.864641
Adamawa,2024,35,38,36.34147
Akwa Ibom,2024,35,29,27.65548
Anambra,2024,35,25,17.392334
Bauchi,2024,35,61,50.215446
Bayelsa,2024,35,28,31.990002
Benue,2024,35,31,23.036001
Borno,2024,35,68,50.786217
Cross River,2024,35,31,35.97823
Delta,2024,35,31,27.105715
Ebonyi,2024,35,24,17.067415
Edo,2024,35,23,27.014654
Ekiti,2024,35,18,24.942106
Enugu,2024,35,16,18.183159
FCT,2024,35,19,21.614595
Gombe,2024,35,35,36.91985
Imo,2024,35,14,18.813795
Jigawa,2024,35,42,37.92342
Kaduna,2024,35,38,36.08937
Kano,2024,35,58,53.451405
Katsina,2024,35,33,37.66877
Kebbi,2024,35,42,35.649693
Kogi,2024,35,23,21.06353
Kwara,2024,35,30,23.448524
Lagos,2024,35,28,21.91298
Nasarawa,2024,35,21,21.923182
Niger,2024,35,28,24.177755
Ogun,2024,35,32,25.74079
Ondo,2024,35,28,23.10032
Osun,2024,35,24,23.3434
Oyo,2024,35,23,22.28808
Plateau,2024,35,21,18.769732
Rivers,2024,35,39,39.018475
Sokoto,2024,35,45,36.696606
Taraba,2024,35,53,38.183628
Yobe,2024,35,31,37.298332
Zamfara,2024,35,22,35.932083
Abia,2024,36,17,18.096004
Adamawa,2024,36,37,35.181026
Akwa Ibom,2024,36,33,26.63713
Anambra,2024,36,19,17.800892
Bauchi,2024,36,33,37.6117
Bayelsa,2024,36,21,28.028406
Benue,2024,36,32,22.35983
Borno,2024,36,50,51.30566
Cross River,2024,36,29,31.418602
Delta,2024,36,21,27.310476
Ebonyi,2024,36,13,16.255472
Edo,2024,36,20,22.435745
Ekiti,2024,36,20,22.874712
Enugu,2024,36,17,17.27897
FCT,2024,36,16,18.791557
Gombe,2024,36,26,33.687515
Imo,2024,36,28,16.551405
Jigawa,2024,36,45,39.629467
Kaduna,2024,36,49,33.83689
Kano,2024,36,37,39.41238
Katsina,2024,36,29,32.03586
Kebbi,2024,36,36,34.55924
Kogi,2024,36,32,18.264875
Kwara,2024,36,16,24.622293
Lagos,2024,36,10,23.840683
Nasarawa,2024,36,26,18.05676
Niger,2024,36,24,24.844753
Ogun,2024,36,29,25.081047
Ondo,2024,36,34,21.941748
Osun,2024,36,15,22.294872
Oyo,2024,36,22,21.267336
Plateau,2024,36,13,17.675274
Rivers,2024,36,22,36.067627
Sokoto,2024,36,26,35.743458
Taraba,2024,36,47,34.670418
Yobe,2024,36,39,32.268246
Zamfara,2024,36,35,31.619331
Abia,2024,37,14,17.633205
Adamawa,2024,37,30,32.111588
Akwa Ibom,2024,37,24,27.09833
Anambra,2024,37,24,16.996946
Bauchi,2024,37,34,34.94198
Bayelsa,2024,37,16,24.747936
Benue,2024,37,19,25.00855
Borno,2024,37,27,39.579494
Cross River,2024,37,34,27.516363
Delta,2024,37,36,25.476103
Ebonyi,2024,37,16,15.977508
Edo,2024,37,27,21.539206
Ekiti,2024,37,15,18.249912
Enugu,2024,37,16,16.69692
FCT,2024,37,16,15.143832
Gombe,2024,37,28,29.86272
Imo,2024,37,15,15.838357
Jigawa,2024,37,63,30.855576
Kaduna,2024,37,42,33.710133
Kano,2024,37,36,35.63205
Katsina,2024,37,39,28.767149
Kebbi,2024,37,35,31.977213
Kogi,2024,37,17,20.842743
Kwara,2024,37,29,20.434635
Lagos,2024,37,16,17.848797
Nasarawa,2024,37,23,18.138508
Niger,2024,37,24,22.38989
Ogun,2024,37,13,25.680511
Ondo,2024,37,17,24.62163
Osun,2024,37,15,17.469202
Oyo,2024,37,10,18.731138
Plateau,2024,37,18,16.233162
Rivers,2024,37,19,33.948948
Sokoto,2024,37,35,32.25076
Taraba,2024,37,46,31.953463
Yobe,2024,37,33,31.842659
Zamfara,2024,37,38,31.894434
Abia,2024,38,7,10.928383
Adamawa,2024,38,28,29.155447
Akwa Ibom,2024,38,23,25.10652
Anambra,2024,38,16,15.923256
Bauchi,2024,38,49,34.45591
Bayelsa,2024,38,33,19.367117
Benue,2024,38,18,20.71247
Borno,2024,38,30,34.892723
Cross River,2024,38,29,29.06779
Delta,2024,38,32,25.346664
Ebonyi,2024,38,14,14.72877
Edo,2024,38,16,21.532267
Ekiti,2024,38,12,18.394012
Enugu,2024,38,13,16.141441
FCT,2024,38,14,15.935985
Gombe,2024,38,34,27.678503
Imo,2024,38,12,14.853189
Jigawa,2024,38,29,30.63894
Kaduna,2024,38,32,32.917797
Kano,2024,38,34,34.823906
Katsina,2024,38,28,25.771397
Kebbi,2024,38,20,29.812302
Kogi,2024,38,22,16.99447
Kwara,2024,38,17,15.275881
Lagos,2024,38,12,17.093357
Nasarawa,2024,38,9,13.744097
Niger,2024,38,12,18.304152
Ogun,2024,38,16,20.345972
Ondo,2024,38,14,21.87837
Osun,2024,38,17,16.833145
Oyo,2024,38,23,16.72844
Plateau,2024,38,14,14.826906
Rivers,2024,38,25,26.365046
Sokoto,2024,38,38,31.378075
Taraba,2024,38,36,33.96805
Yobe,2024,38,43,27.848927
Zamfara,2024,38,23,30.846645
Abia,2024,39,14,14.516678
Adamawa,2024,39,41,27.429619
Akwa Ibom,2024,39,25,22.352945
Anambra,2024,39,15,12.472544
Bauchi,2024,39,41,34.920918
Bayelsa,2024,39,29,19.689962
Benue,2024,39,22,19.491648
Borno,2024,39,32,34.46609
Cross River,2024,39,26,27.470339
Delta,2024,39,21,25.75029
Ebonyi,2024,39,12,10.802446
Edo,2024,39,25,18.005966
Ekiti,2024,39,8,14.557118
Enugu,2024,39,13,13.9652195
FCT,2024,39,21,13.235705
Gombe,2024,39,28,28.565592
Imo,2024,39,9,14.264233
Jigawa,2024,39,43,33.84137
Kaduna,2024,39,28,32.74459
Kano,2024,39,30,34.463127
Katsina,2024,39,34,27.86065
Kebbi,2024,39,34,27.099504
Kogi,2024,39,15,14.083763
Kwara,2024,39,18,14.602868
Lagos,2024,39,10,13.728377
Nasarawa,2024,39,17,15.492549
Niger,2024,39,11,14.376268
Ogun,2024,39,20,16.909449
Ondo,2024,39,18,16.506409
Osun,2024,39,20,16.425474
Oyo,2024,39,13,13.269746
Plateau,2024,39,15,14.970794
Rivers,2024,39,30,22.996052
Sokoto,2024,39,23,30.413242
Taraba,2024,39,30,33.06449
Yobe,2024,39,34,32.044205
Zamfara,2024,39,18,25.382164
Abia,2024,40,18,10.005382
Adamawa,2024,40,24,19.81642
Akwa Ibom,2024,40,25,18.221924
Anambra,2024,40,15,13.34448
Bauchi,2024,40,30,28.735432
Bayelsa,2024,40,24,18.610424
Benue,2024,40,24,16.623281
Borno,2024,40,15,21.438982
Cross River,2024,40,21,19.66836
Delta,2024,40,19,18.143425
Ebonyi,2024,40,17,12.403013
Edo,2024,40,18,17.342365
Ekiti,2024,40,22,14.843791
Enugu,2024,40,12,12.457827
FCT,2024,40,16,10.892235
Gombe,2024,40,23,18.07558
Imo,2024,40,8,14.945909
Jigawa,2024,40,28,30.760027
Kaduna,2024,40,24,26.039217
Kano,2024,40,23,20.635126
Katsina,2024,40,27,18.95279
Kebbi,2024,40,29,18.104498
Kogi,2024,40,21,15.107894
Kwara,2024,40,20,15.346734
Lagos,2024,40,14,13.087568
Nasarawa,2024,40,18,10.515043
Niger,2024,40,26,14.701177
Ogun,2024,40,29,19.168274
Ondo,2024,40,31,17.56861
Osun,2024,40,12,15.149388
Oyo,2024,40,20,15.710401
Plateau,2024,40,14,10.867311
Rivers,2024,40,22,20.275215
Sokoto,2024,40,17,14.511142
Taraba,2024,40,22,25.811125
Yobe,2024,40,22,22.714756
Zamfara,2024,40,18,15.11931
Abia,2024,41,8,11.80214
Adamawa,2024,41,24,19.033077
Akwa Ibom,2024,41,27,18.4447
Anambra,2024,41,19,14.918628
Bauchi,2024,41,24,22.850052
Bayelsa,2024,41,24,18.493113
Benue,2024,41,20,17.26178
Borno,2024,41,19,18.371899
Cross River,2024,41,31,18.380795
Delta,2024,41,22,18.026875
Ebonyi,2024,41,19,10.143453
Edo,2024,41,13,16.661022
Ekiti,2024,41,17,15.524539
Enugu,2024,41,14,13.09059
FCT,2024,41,17,14.259711
Gombe,2024,41,24,18.809183
Imo,2024,41,10,12.578001
Jigawa,2024,41,26,22.095484
Kaduna,2024,41,19,18.684122
Kano,2024,41,17,20.266134
Katsina,2024,41,17,17.33528
Kebbi,2024,41,20,18.998293
Kogi,2024,41,18,15.320432
Kwara,2024,41,21,17.038992
Lagos,2024,41,17,16.773794
Nasarawa,2024,41,23,14.544055
Niger,2024,41,17,12.662765
Ogun,2024,41,21,17.85115
Ondo,2024,41,16,18.137222
Osun,2024,41,17,14.748268
Oyo,2024,41,17,15.330901
Plateau,2024,41,25,14.266169
Rivers,2024,41,28,19.847574
Sokoto,2024,41,21,18.358574
Taraba,2024,41,30,19.600138
Yobe,2024,41,25,19.172888
Zamfara,2024,41,31,18.218117
Abia,2024,42,12,11.68481
Adamawa,2024,42,32,18.651226
Akwa Ibom,2024,42,24,18.72311
Anambra,2024,42,19,14.43191
Bauchi,2024,42,28,21.673792
Bayelsa,2024,42,20,18.781893
Benue,2024,42,26,17.670818
Borno,2024,42,28,18.451817
Cross River,2024,42,28,18.752613
Delta,2024,42,33,17.993464
Ebonyi,2024,42,12,14.174579
Edo,2024,42,22,15.66217
Ekiti,2024,42,17,15.465767
Enugu,2024,42,11,12.22231
FCT,2024,42,25,15.228047
Gombe,2024,42,25,18.236485
Imo,2024,42,8,9.392309
Jigawa,2024,42,18,19.784403
Kaduna,2024,42,13,14.793962
Kano,2024,42,28,18.32855
Katsina,2024,42,13,17.67646
Kebbi,2024,42,22,15.527123
Kogi,2024,42,16,12.0331955
Kwara,2024,42,15,15.800199
Lagos,2024,42,16,15.03097
Nasarawa,2024,42,14,11.224821
Niger,2024,42,17,14.831578
Ogun,2024,42,26,17.757034
Ondo,2024,42,21,17.608282
Osun,2024,42,15,14.371839
Oyo,2024,42,16,16.709097
Plateau,2024,42,15,15.7702875
Rivers,2024,42,16,18.972837
Sokoto,2024,42,22,17.776464
Taraba,2024,42,17,18.798162
Yobe,2024,42,12,19.310791
Zamfara,2024,42,22,17.645683
Abia,2024,43,20,14.387201
Adamawa,2024,43,15,18.354267
Akwa Ibom,2024,43,22,19.239157
Anambra,2024,43,15,15.691812
Bauchi,2024,43,21,17.993462
Bayelsa,2024,43,29,20.370354
Benue,2024,43,22,16.306793
Borno,2024,43,15,18.89438
Cross River,2024,43,30,18.965279
Delta,2024,43,32,18.87864
Ebonyi,2024,43,8,13.277675
Edo,2024,43,18,16.318127
Ekiti,2024,43,14,14.934977
Enugu,2024,43,19,12.901322
FCT,2024,43,17,15.812647
Gombe,2024,43,21,15.846914
Imo,2024,43,8,12.795078
Jigawa,2024,43,22,19.339373
Kaduna,2024,43,19,17.719576
Kano,2024,43,24,18.679886
Katsina,2024,43,23,17.446018
Kebbi,2024,43,14,19.143732
Kogi,2024,43,17,15.550462
Kwara,2024,43,12,14.770469
Lagos,2024,43,13,17.563473
Nasarawa,2024,43,17,15.405192
Niger,2024,43,10,13.141113
Ogun,2024,43,17,17.527548
Ondo,2024,43,16,17.843666
Osun,2024,43,14,14.907631
Oyo,2024,43,16,15.054528
Plateau,2024,43,15,14.627199
Rivers,2024,43,25,18.51018
Sokoto,2024,43,25,18.023424
Taraba,2024,43,21,15.41852
Yobe,2024,43,24,18.55734
Zamfara,2024,43,34,17.891459
Abia,2024,44,13,13.412884
Adamawa,2024,44,17,15.167557
Akwa Ibom,2024,44,24,18.521551
Anambra,2024,44,25,15.291737
Bauchi,2024,44,14,17.294733
Bayelsa,2024,44,15,18.92441
Benue,2024,44,16,15.902738
Borno,2024,44,22,17.253927
Cross River,2024,44,21,19.215235
Delta,2024,44,25,18.930777
Ebonyi,2024,44,11,11.315333
Edo,2024,44,17,17.225977
Ekiti,2024,44,18,16.427292
Enugu,2024,44,13,11.476899
FCT,2024,44,16,16.150576
Gombe,2024,44,28,17.701738
Imo,2024,44,22,11.817389
Jigawa,2024,44,23,19.151438
Kaduna,2024,44,20,18.028107
Kano,2024,44,18,18.6593
Katsina,2024,44,25,18.271044
Kebbi,2024,44,20,17.597408
Kogi,2024,44,24,13.124185
Kwara,2024,44,19,15.369916
Lagos,2024,44,13,16.963457
Nasarawa,2024,44,24,15.720418
Niger,2024,44,23,14.443741
Ogun,2024,44,16,16.955923
Ondo,2024,44,20,16.639246
Osun,2024,44,13,15.116537
Oyo,2024,44,19,15.729727
Plateau,2024,44,14,13.8578825
Rivers,2024,44,13,18.106592
Sokoto,2024,44,24,17.201895
Taraba,2024,44,20,14.855878
Yobe,2024,44,20,17.946865
Zamfara,2024,44,14,15.732335
Abia,2024,45,15,12.438414
Adamawa,2024,45,12,12.003153
Akwa Ibom,2024,45,15,15.794373
Anambra,2024,45,14,14.395327
Bauchi,2024,45,12,14.665034
Bayelsa,2024,45,13,15.715905
Benue,2024,45,13,11.608348
Borno,2024,45,11,13.331325
Cross River,2024,45,17,16.574629
Delta,2024,45,17,16.628172
Ebonyi,2024,45,7,10.076328
Edo,2024,45,14,13.818949
Ekiti,2024,45,12,13.506428
Enugu,2024,45,11,12.439955
FCT,2024,45,8,12.3932
Gombe,2024,45,19,16.42983
Imo,2024,45,12,10.681233
Jigawa,2024,45,19,14.411988
Kaduna,2024,45,14,11.502844
Kano,2024,45,14,14.177252
Katsina,2024,45,9,13.1488695
Kebbi,2024,45,13,14.451354
Kogi,2024,45,9,14.441208
Kwara,2024,45,7,11.6444845
Lagos,2024,45,17,13.476084
Nasarawa,2024,45,18,13.930103
Niger,2024,45,15,13.951983
Ogun,2024,45,13,15.138162
Ondo,2024,45,12,14.911067
Osun,2024,45,14,13.417559
Oyo,2024,45,17,14.716783
Plateau,2024,45,10,11.862619
Rivers,2024,45,16,15.183165
Sokoto,2024,45,15,15.6840105
Taraba,2024,45,14,14.805609
Yobe,2024,45,19,13.564637
Zamfara,2024,45,19,15.271234
Abia,2024,46,9,10.496558
Adamawa,2024,46,14,13.374087
Akwa Ibom,2024,46,18,15.685755
Anambra,2024,46,13,14.016491
Bauchi,2024,46,13,12.732159
Bayelsa,2024,46,8,15.088278
Benue,2024,46,11,13.365189
Borno,2024,46,16,13.93007
Cross River,2024,46,15,16.110529
Delta,2024,46,25,16.855677
Ebonyi,2024,46,13,9.362946
Edo,2024,46,19,14.519038
Ekiti,2024,46,16,13.452072
Enugu,2024,46,11,9.640788
FCT,2024,46,9,11.171206
Gombe,2024,46,15,11.487612
Imo,2024,46,7,9.912069
Jigawa,2024,46,17,15.393257
Kaduna,2024,46,12,10.182532
Kano,2024,46,19,13.028608
Katsina,2024,46,17,14.922007
Kebbi,2024,46,14,13.952258
Kogi,2024,46,14,13.031115
Kwara,2024,46,13,10.547473
Lagos,2024,46,11,13.507388
Nasarawa,2024,46,11,10.802487
Niger,2024,46,11,12.088616
Ogun,2024,46,20,14.50411
Ondo,2024,46,9,13.45073
Osun,2024,46,21,12.8515215
Oyo,2024,46,19,16.837492
Plateau,2024,46,7,8.685548
Rivers,2024,46,17,14.509727
Sokoto,2024,46,19,15.61042
Taraba,2024,46,16,15.222356
Yobe,2024,46,9,14.9128275
Zamfara,2024,46,14,14.648381
Abia,2024,47,17,12.1423435
Adamawa,2024,47,13,13.243409
Akwa Ibom,2024,47,23,14.381716
Anambra,2024,47,13,13.673582
Bauchi,2024,47,20,9.870266
Bayelsa,2024,47,21,12.9992285
Benue,2024,47,11,9.713966
Borno,2024,47,12,11.844874
Cross River,2024,47,25,15.504576
Delta,2024,47,16,16.493414
Ebonyi,2024,47,7,7.727167
Edo,2024,47,17,14.932041
Ekiti,2024,47,16,13.033334
Enugu,2024,47,21,12.14846
FCT,2024,47,14,10.946838
Gombe,2024,47,24,13.21465
Imo,2024,47,10,10.465342
Jigawa,2024,47,14,15.587336
Kaduna,2024,47,13,10.181738
Kano,2024,47,20,12.743921
Katsina,2024,47,14,13.590301
Kebbi,2024,47,10,11.508104
Kogi,2024,47,17,11.049766
Kwara,2024,47,10,11.091306
Lagos,2024,47,11,12.121837
Nasarawa,2024,47,14,13.717089
Niger,2024,47,16,12.891801
Ogun,2024,47,10,14.164756
Ondo,2024,47,11,13.871942
Osun,2024,47,12,14.324933
Oyo,2024,47,16,14.854304
Plateau,2024,47,10,11.139288
Rivers,2024,47,15,13.833314
Sokoto,2024,47,19,15.280558
Taraba,2024,47,16,12.381593
Yobe,2024,47,22,12.696828
Zamfara,2024,47,9,10.447706
Abia,2024,48,8,11.843273
Adamawa,2024,48,21,10.842901
Akwa Ibom,2024,48,14,13.329106
Anambra,2024,48,18,10.736002
Bauchi,2024,48,19,12.457942
Bayelsa,2024,48,24,14.001209
Benue,2024,48,18,12.71491
Borno,2024,48,14,9.980366
Cross River,2024,48,20,15.556454
Delta,2024,48,18,15.895972
Ebonyi,2024,48,7,8.800639
Edo,2024,48,18,14.859734
Ekiti,2024,48,10,13.54276
Enugu,2024,48,10,11.250182
FCT,2024,48,12,11.2100525
Gombe,2024,48,21,15.359095
Imo,2024,48,11,11.339835
Jigawa,2024,48,12,14.123662
Kaduna,2024,48,6,11.963945
Kano,2024,48,24,13.929969
Katsina,2024,48,20,13.310639
Kebbi,2024,48,17,14.107085
Kogi,2024,48,12,12.124167
Kwara,2024,48,12,11.59663
Lagos,2024,48,9,12.554928
Nasarawa,2024,48,8,12.988604
Niger,2024,48,19,12.57133
Ogun,2024,48,14,13.946417
Ondo,2024,48,16,13.69987
Osun,2024,48,12,13.03459
Oyo,2024,48,13,14.921936
Plateau,2024,48,9,9.87613
Rivers,2024,48,23,13.868254
Sokoto,2024,48,17,14.10597
Taraba,2024,48,17,10.332756
Yobe,2024,48,10,11.738624
Zamfara,2024,48,7,10.790059
Abia,2024,49,9,12.2843485
Adamawa,2024,49,18,13.043164
Akwa Ibom,2024,49,17,15.405821
Anambra,2024,49,11,13.4179125
Bauchi,2024,49,11,12.473215
Bayelsa,2024,49,10,15.448676
Benue,2024,49,14,12.378068
Borno,2024,49,12,11.451679
Cross River,2024,49,14,15.0689745
Delta,2024,49,22,15.932233
Ebonyi,2024,49,12,9.306944
Edo,2024,49,10,13.8423605
Ekiti,2024,49,14,14.145987
Enugu,2024,49,12,11.003684
FCT,2024,49,9,11.100401
Gombe,2024,49,16,14.85739
Imo,2024,49,5,10.261797
Jigawa,2024,49,19,13.424146
Kaduna,2024,49,25,12.30888
Kano,2024,49,10,14.817509
Katsina,2024,49,15,13.24238
Kebbi,2024,49,11,13.393629
Kogi,2024,49,19,10.40118
Kwara,2024,49,12,11.863939
Lagos,2024,49,8,12.345248
Nasarawa,2024,49,18,12.4759865
Niger,2024,49,19,11.171621
Ogun,2024,49,22,14.470752
Ondo,2024,49,19,12.3497925
Osun,2024,49,20,13.912814
Oyo,2024,49,19,14.291528
Plateau,2024,49,11,11.140185
Rivers,2024,49,11,15.255268
Sokoto,2024,49,20,14.455557
Taraba,2024,49,18,12.654857
Yobe,2024,49,15,9.863129
Zamfara,2024,49,15,9.846051
Abia,2024,50,13,11.774384
Adamawa,2024,50,19,13.910144
Akwa Ibom,2024,50,18,15.26958
Anambra,2024,50,11,11.063741
Bauchi,2024,50,19,12.4069
Bayelsa,2024,50,11,13.683267
Benue,2024,50,19,12.6243305
Borno,2024,50,18,13.849595
Cross River,2024,50,20,17.657097
Delta,2024,50,18,17.183418
Ebonyi,2024,50,13,9.891445
Edo,2024,50,16,14.482825
Ekiti,2024,50,18,13.590229
Enugu,2024,50,10,9.43898
FCT,2024,50,11,12.121345
Gombe,2024,50,16,11.182998
Imo,2024,50,9,10.906983
Jigawa,2024,50,16,11.960312
Kaduna,2024,50,17,11.077842
Kano,2024,50,19,13.360047
Katsina,2024,50,11,12.242061
Kebbi,2024,50,12,12.364849
Kogi,2024,50,13,13.315222
Kwara,2024,50,18,11.290515
Lagos,2024,50,5,11.10575
Nasarawa,2024,50,10,13.124667
Niger,2024,50,9,11.763625
Ogun,2024,50,11,14.222325
Ondo,2024,50,14,13.047258
Osun,2024,50,18,14.107145
Oyo,2024,50,15,15.541104
Plateau,2024,50,9,7.4614196
Rivers,2024,50,15,14.713087
Sokoto,2024,50,16,13.127456
Taraba,2024,50,23,13.773661
Yobe,2024,50,10,13.054813
Zamfara,2024,50,8,12.367368
Abia,2024,51,6,12.055513
Adamawa,2024,51,12,14.680164
Akwa Ibom,2024,51,24,15.464878
Anambra,2024,51,7,11.981203
Bauchi,2024,51,15,14.082456
Bayelsa,2024,51,12,14.217618
Benue,2024,51,11,13.354303
Borno,2024,51,17,12.128647
Cross River,2024,51,16,15.049047
Delta,2024,51,17,15.333866
Ebonyi,2024,51,17,8.929691
Edo,2024,51,21,14.288236
Ekiti,2024,51,16,14.24374
Enugu,2024,51,11,12.6066475
FCT,2024,51,7,10.53666
Gombe,2024,51,14,11.056399
Imo,2024,51,13,9.023973
Jigawa,2024,51,14,13.269825
Kaduna,2024,51,18,13.186752
Kano,2024,51,11,13.263605
Katsina,2024,51,14,13.737143
Kebbi,2024,51,15,12.534045
Kogi,2024,51,14,10.470274
Kwara,2024,51,22,13.321316
Lagos,2024,51,16,11.320927
Nasarawa,2024,51,16,13.276515
Niger,2024,51,9,12.177817
Ogun,2024,51,12,14.227226
Ondo,2024,51,17,14.12392
Osun,2024,51,14,14.142908
Oyo,2024,51,13,14.323543
Plateau,2024,51,12,8.3284
Rivers,2024,51,11,14.197184
Sokoto,2024,51,19,14.372082
Taraba,2024,51,9,12.639202
Yobe,2024,51,14,9.964647
Zamfara,2024,51,14,11.006522
Abia,2024,52,13,10.330461
Adamawa,2024,52,17,14.030364
Akwa Ibom,2024,52,15,15.001424
Anambra,2024,52,9,12.371482
Bauchi,2024,52,17,11.687985
Bayelsa,2024,52,16,13.004194
Benue,2024,52,17,11.383687
Borno,2024,52,13,13.730766
Cross River,2024,52,11,14.471041
Delta,2024,52,17,15.695921
Ebonyi,2024,52,9,8.600509
Edo,2024,52,11,15.38833
Ekiti,2024,52,15,14.215383
Enugu,2024,52,11,11.360001
FCT,2024,52,22,8.829968
Gombe,2024,52,10,11.183197
Imo,2024,52,4,8.692372
Jigawa,2024,52,15,13.807722
Kaduna,2024,52,23,13.4819565
Kano,2024,52,9,12.393897
Katsina,2024,52,20,14.014355
Kebbi,2024,52,9,11.118315
Kogi,2024,52,15,11.941783
Kwara,2024,52,15,13.944015
Lagos,2024,52,12,11.973127
Nasarawa,2024,52,12,12.091233
Niger,2024,52,13,9.709794
Ogun,2024,52,17,14.823
Ondo,2024,52,15,14.149051
Osun,2024,52,12,13.260958
Oyo,2024,52,12,14.910291
Plateau,2024,52,16,10.380885
Rivers,2024,52,18,14.230491
Sokoto,2024,52,13,12.666899
Taraba,2024,52,17,13.146174
Yobe,2024,52,8,9.947843
Zamfara,2024,52,10,10.254848
