model,search_index,params,folds,mae,rmse,smape,r2,rmse_std
random_forest,1,{},3,67.65931420285031,238.62694896791353,114.3165580614566,-0.037680379976389844,240.54710192609076
random_forest,2,"{""base_model__max_depth"": 6, ""base_model__max_features"": 0.75, ""base_model__min_samples_leaf"": 6, ""base_model__min_samples_split"": 10, ""base_model__n_estimators"": 650, ""target_cap_quantile"": 0.98, ""target_mode"": ""log_cases""}",3,67.02759097506947,238.61210846935424,114.02933470231802,-0.025845097601196132,240.97109362813057
random_forest,3,"{""base_model__max_depth"": null, ""base_model__max_features"": 0.55, ""base_model__min_samples_leaf"": 1, ""base_model__min_samples_split"": 5, ""base_model__n_estimators"": 180, ""target_cap_quantile"": 0.99, ""target_mode"": ""log_cases""}",3,66.57304711524297,238.1653617879285,113.66196728224573,-0.012544217280738623,241.43097553345532
random_forest,4,"{""base_model__max_depth"": 14, ""base_model__max_features"": 0.75, ""base_model__min_samples_leaf"": 4, ""base_model__min_samples_split"": 10, ""base_model__n_estimators"": 650, ""target_cap_quantile"": 0.98, ""target_mode"": ""log_cases""}",3,67.20148798543738,238.7025923990311,114.06445851605326,-0.028722211310528805,241.0355046267364
random_forest,5,"{""base_model__max_depth"": 6, ""base_model__max_features"": 0.55, ""base_model__min_samples_leaf"": 4, ""base_model__min_samples_split"": 5, ""base_model__n_estimators"": 300, ""target_cap_quantile"": 0.99, ""target_mode"": ""log_cases""}",3,67.06418087823042,238.9204253667706,113.59746586050466,-0.030667459534996572,241.21633158045202
random_forest,6,"{""base_model__max_depth"": null, ""base_model__max_features"": 1.0, ""base_model__min_samples_leaf"": 2, ""base_model__min_samples_split"": 5, ""base_model__n_estimators"": 300, ""target_cap_quantile"": 0.99, ""target_mode"": ""log_cases""}",3,67.47834443682767,238.75099531235037,114.5421863131151,-0.031040042022016563,241.02921454531904
random_forest,7,"{""base_model__max_depth"": 14, ""base_model__max_features"": 1.0, ""base_model__min_samples_leaf"": 6, ""base_model__min_samples_split"": 10, ""base_model__n_estimators"": 450, ""target_cap_quantile"": null, ""target_mode"": ""log_cases""}",3,67.62970392377964,239.18759828074383,114.22336909670423,-0.05082787775107785,240.33309650147243
random_forest,8,"{""base_model__max_depth"": 14, ""base_model__max_features"": 1.0, ""base_model__min_samples_leaf"": 1, ""base_model__min_samples_split"": 2, ""base_model__n_estimators"": 180, ""target_cap_quantile"": 0.98, ""target_mode"": ""log_rate""}",3,80.36032144388214,229.74300101641157,119.27513163329257,-0.04216854631472322,226.45123156399418
random_forest,9,"{""base_model__max_depth"": 14, ""base_model__max_features"": 0.75, ""base_model__min_samples_leaf"": 1, ""base_model__min_samples_split"": 5, ""base_model__n_estimators"": 450, ""target_cap_quantile"": 0.98, ""target_mode"": ""log_rate""}",3,79.8452069785872,230.05646556697252,118.7600457812318,-0.06388915561255244,225.41475308055243
random_forest,10,"{""base_model__max_depth"": 6, ""base_model__max_features"": ""sqrt"", ""base_model__min_samples_leaf"": 2, ""base_model__min_samples_split"": 10, ""base_model__n_estimators"": 300, ""target_cap_quantile"": 0.99, ""target_mode"": ""log_cases""}",3,66.36650295133533,239.2732369724189,112.97912960019478,-0.02456090258521589,242.1735493722431
random_forest,11,"{""base_model__max_depth"": 10, ""base_model__max_features"": 0.55, ""base_model__min_samples_leaf"": 6, ""base_model__min_samples_split"": 5, ""base_model__n_estimators"": 180, ""target_cap_quantile"": 0.99, ""target_mode"": ""log_rate""}",3,78.11295915341957,230.29206497984111,118.21979864674893,-0.07230349719369245,224.57923715019456
random_forest,12,"{""base_model__max_depth"": 6, ""base_model__max_features"": 0.75, ""base_model__min_samples_leaf"": 4, ""base_model__min_samples_split"": 10, ""base_model__n_estimators"": 180, ""target_cap_quantile"": null, ""target_mode"": ""log_rate""}",3,80.48944966407238,231.3979980940669,118.74350252190568,-0.08390629098760327,225.88648095635162
random_forest,13,"{""base_model__max_depth"": 14, ""base_model__max_features"": ""sqrt"", ""base_model__min_samples_leaf"": 2, ""base_model__min_samples_split"": 2, ""base_model__n_estimators"": 450, ""target_cap_quantile"": 0.98, ""target_mode"": ""log_rate""}",3,80.91732016049123,232.21005838429096,118.92146247738363,-0.045784449001611015,229.57452629173474
random_forest,14,"{""base_model__max_depth"": 14, ""base_model__max_features"": ""sqrt"", ""base_model__min_samples_leaf"": 2, ""base_model__min_samples_split"": 10, ""base_model__n_estimators"": 300, ""target_cap_quantile"": 0.98, ""target_mode"": ""log_rate""}",3,80.92098285624034,232.36573162059776,118.81596935376139,-0.050911258849620666,229.36269828903963
random_forest,15,"{""base_model__max_depth"": 10, ""base_model__max_features"": ""sqrt"", ""base_model__min_samples_leaf"": 1, ""base_model__min_samples_split"": 5, ""base_model__n_estimators"": 300, ""target_cap_quantile"": 0.98, ""target_mode"": ""log_cases""}",3,65.86331216774086,238.5917982159559,112.67369162427444,-0.010543324939284041,242.21644756331858
random_forest,16,"{""base_model__max_depth"": null, ""base_model__max_features"": 1.0, ""base_model__min_samples_leaf"": 6, ""base_model__min_samples_split"": 2, ""base_model__n_estimators"": 650, ""target_cap_quantile"": null, ""target_mode"": ""log_rate""}",3,77.93086063262672,228.99763298579182,117.70613124094423,-0.08442144392997164,221.9975111437519
random_forest,17,"{""base_model__max_depth"": 14, ""base_model__max_features"": 1.0, ""base_model__min_samples_leaf"": 6, ""base_model__min_samples_split"": 2, ""base_model__n_estimators"": 180, ""target_cap_quantile"": null, ""target_mode"": ""log_rate""}",3,77.68379254313835,229.36008680993407,117.61233830082337,-0.06723966508213079,223.62555308890697
xgboost,1,{},3,69.22759258245044,240.40913381551425,116.18317933445375,-0.07486279693504876,240.7991853742248
xgboost,2,"{""base_model__colsample_bytree"": 0.65, ""base_model__gamma"": 0, ""base_model__learning_rate"": 0.08, ""base_model__max_depth"": 5, ""base_model__min_child_weight"": 10, ""base_model__n_estimators"": 260, ""base_model__reg_alpha"": 0.2, ""base_model__reg_lambda"": 3, ""base_model__subsample"": 0.9, ""target_cap_quantile"": 0.98, ""target_mode"": ""log_cases""}",3,66.80596660047705,236.26490873656073,114.0663061723613,-0.0048449607318974035,238.77881575359802
xgboost,3,"{""base_model__colsample_bytree"": 0.8, ""base_model__gamma"": 0.1, ""base_model__learning_rate"": 0.03, ""base_model__max_depth"": 5, ""base_model__min_child_weight"": 3, ""base_model__n_estimators"": 260, ""base_model__reg_alpha"": 0.8, ""base_model__reg_lambda"": 1, ""base_model__subsample"": 1.0, ""target_cap_quantile"": null, ""target_mode"": ""log_rate""}",3,80.11114174362801,228.05714475088521,119.58984300134112,-0.03464302411065601,224.00470247014206
xgboost,4,"{""base_model__colsample_bytree"": 0.65, ""base_model__gamma"": 0.1, ""base_model__learning_rate"": 0.015, ""base_model__max_depth"": 3, ""base_model__min_child_weight"": 1, ""base_model__n_estimators"": 360, ""base_model__reg_alpha"": 0.2, ""base_model__reg_lambda"": 3, ""base_model__subsample"": 0.65, ""target_cap_quantile"": 0.99, ""target_mode"": ""log_cases""}",3,66.8106320083164,238.0923279355243,113.90882892320667,-0.025275005286852226,240.44967264958686
xgboost,5,"{""base_model__colsample_bytree"": 0.9, ""base_model__gamma"": 1.0, ""base_model__learning_rate"": 0.05, ""base_model__max_depth"": 2, ""base_model__min_child_weight"": 1, ""base_model__n_estimators"": 360, ""base_model__reg_alpha"": 0.05, ""base_model__reg_lambda"": 3, ""base_model__subsample"": 1.0, ""target_cap_quantile"": 0.99, ""target_mode"": ""log_cases""}",3,66.1360362243227,237.30996308114072,111.4525489733944,0.0007427120972472631,241.08499717716543
xgboost,6,"{""base_model__colsample_bytree"": 0.65, ""base_model__gamma"": 0.5, ""base_model__learning_rate"": 0.015, ""base_model__max_depth"": 3, ""base_model__min_child_weight"": 6, ""base_model__n_estimators"": 500, ""base_model__reg_alpha"": 0.8, ""base_model__reg_lambda"": 15, ""base_model__subsample"": 0.65, ""target_cap_quantile"": 0.98, ""target_mode"": ""log_cases""}",3,67.00516948312658,238.58656701527,114.47011505226239,-0.02987774372810903,240.76800800765892
xgboost,7,"{""base_model__colsample_bytree"": 1.0, ""base_model__gamma"": 0.1, ""base_model__learning_rate"": 0.08, ""base_model__max_depth"": 2, ""base_model__min_child_weight"": 3, ""base_model__n_estimators"": 360, ""base_model__reg_alpha"": 0, ""base_model__reg_lambda"": 8, ""base_model__subsample"": 1.0, ""target_cap_quantile"": 0.99, ""target_mode"": ""log_rate""}",3,85.50129939421733,233.7040254533199,119.00148225812647,-0.11124356173021865,228.11060790122744
xgboost,8,"{""base_model__colsample_bytree"": 0.65, ""base_model__gamma"": 0, ""base_model__learning_rate"": 0.08, ""base_model__max_depth"": 4, ""base_model__min_child_weight"": 3, ""base_model__n_estimators"": 260, ""base_model__reg_alpha"": 0, ""base_model__reg_lambda"": 8, ""base_model__subsample"": 0.9, ""target_cap_quantile"": null, ""target_mode"": ""log_cases""}",3,68.75905151033966,239.15427194632684,115.59047825672552,-0.06406680848867123,239.62759783624256
xgboost,9,"{""base_model__colsample_bytree"": 0.8, ""base_model__gamma"": 0.1, ""base_model__learning_rate"": 0.08, ""base_model__max_depth"": 5, ""base_model__min_child_weight"": 3, ""base_model__n_estimators"": 180, ""base_model__reg_alpha"": 0.2, ""base_model__reg_lambda"": 15, ""base_model__subsample"": 0.9, ""target_cap_quantile"": null, ""target_mode"": ""log_cases""}",3,66.46628509383216,237.78537789334553,114.17937216374075,-0.008880990756779136,241.1652622688683
xgboost,10,"{""base_model__colsample_bytree"": 0.9, ""base_model__gamma"": 0, ""base_model__learning_rate"": 0.08, ""base_model__max_depth"": 5, ""base_model__min_child_weight"": 6, ""base_model__n_estimators"": 360, ""base_model__reg_alpha"": 0.2, ""base_model__reg_lambda"": 3, ""base_model__subsample"": 0.9, ""target_cap_quantile"": 0.98, ""target_mode"": ""log_cases""}",3,68.52896193739734,238.5454231457937,116.52060895506422,-0.039161205999714545,240.0331844789879
xgboost,11,"{""base_model__colsample_bytree"": 0.65, ""base_model__gamma"": 0.1, ""base_model__learning_rate"": 0.015, ""base_model__max_depth"": 3, ""base_model__min_child_weight"": 10, ""base_model__n_estimators"": 260, ""base_model__reg_alpha"": 0.2, ""base_model__reg_lambda"": 8, ""base_model__subsample"": 0.8, ""target_cap_quantile"": 0.98, ""target_mode"": ""log_rate""}",3,77.8719513646489,228.7240590783986,118.23569253213941,-0.025868448336898275,225.02166945378954
xgboost,12,"{""base_model__colsample_bytree"": 0.9, ""base_model__gamma"": 0, ""base_model__learning_rate"": 0.015, ""base_model__max_depth"": 4, ""base_model__min_child_weight"": 1, ""base_model__n_estimators"": 360, ""base_model__reg_alpha"": 0.8, ""base_model__reg_lambda"": 8, ""base_model__subsample"": 0.65, ""target_cap_quantile"": 0.98, ""target_mode"": ""log_cases""}",3,66.72149752459958,238.52807948281364,114.54747973504088,-0.02003255961485732,241.42927404468853
xgboost,13,"{""base_model__colsample_bytree"": 1.0, ""base_model__gamma"": 0, ""base_model__learning_rate"": 0.08, ""base_model__max_depth"": 2, ""base_model__min_child_weight"": 3, ""base_model__n_estimators"": 360, ""base_model__reg_alpha"": 0.2, ""base_model__reg_lambda"": 1, ""base_model__subsample"": 1.0, ""target_cap_quantile"": 0.99, ""target_mode"": ""log_cases""}",3,68.95159272719313,237.5284588883188,113.4326971424281,-0.0383085359932391,238.93806539583673
xgboost,14,"{""base_model__colsample_bytree"": 0.9, ""base_model__gamma"": 0.1, ""base_model__learning_rate"": 0.015, ""base_model__max_depth"": 5, ""base_model__min_child_weight"": 10, ""base_model__n_estimators"": 360, ""base_model__reg_alpha"": 0.2, ""base_model__reg_lambda"": 1, ""base_model__subsample"": 0.8, ""target_cap_quantile"": 0.99, ""target_mode"": ""log_cases""}",3,66.99079779776226,237.25822013321502,113.59967536598226,-0.03108929433831335,238.6338547302784
xgboost,15,"{""base_model__colsample_bytree"": 1.0, ""base_model__gamma"": 1.0, ""base_model__learning_rate"": 0.08, ""base_model__max_depth"": 3, ""base_model__min_child_weight"": 6, ""base_model__n_estimators"": 260, ""base_model__reg_alpha"": 0, ""base_model__reg_lambda"": 15, ""base_model__subsample"": 0.9, ""target_cap_quantile"": 0.98, ""target_mode"": ""log_rate""}",3,84.31651576112537,230.61101473382442,118.75545338824304,-0.022165482992873575,228.82937045014162
xgboost,16,"{""base_model__colsample_bytree"": 0.8, ""base_model__gamma"": 1.0, ""base_model__learning_rate"": 0.03, ""base_model__max_depth"": 4, ""base_model__min_child_weight"": 10, ""base_model__n_estimators"": 180, ""base_model__reg_alpha"": 0.8, ""base_model__reg_lambda"": 15, ""base_model__subsample"": 0.9, ""target_cap_quantile"": null, ""target_mode"": ""log_cases""}",3,66.95139681403639,238.4246933914106,114.1915370456628,-0.026389711166380187,240.94189388948305
xgboost,17,"{""base_model__colsample_bytree"": 0.65, ""base_model__gamma"": 0.1, ""base_model__learning_rate"": 0.03, ""base_model__max_depth"": 4, ""base_model__min_child_weight"": 10, ""base_model__n_estimators"": 180, ""base_model__reg_alpha"": 0.05, ""base_model__reg_lambda"": 1, ""base_model__subsample"": 0.65, ""target_cap_quantile"": 0.98, ""target_mode"": ""log_rate""}",3,80.1699045719497,225.83877658095264,118.54629041283808,-0.03386621290462751,220.02811315114795
